question,real_answer,model_answer,retrieved_context,bert_score,rouge1_fmeasure,rouge2_fmeasure,rougeL_fmeasure,cosine_similarity,latency_sec,gpu_usage_gb,cpu_usage_gb,model_name
Who proposed the first model of artificial neurons in 1943?,Warren McCulloch and Walter Pitts proposed the first model of artificial neurons in 1943.,Warren McCulloch and Walter Pitts in 1943 proposed the first model of artificial neurons.,"ne by 
Warren McCulloch and Walter pits in 1943. They proposed a model 
of artificial neurons. 
o Year 1949: Donald Hebb demonstrated an updating rule for modifying the 
connection strength between neurons. His rule is now called Hebbian 
learning. 
o Year 1950: The Alan Turing who was an English mathematician and 
pioneered Machine learning in 1950. Alan Turing publishes ""Computing 
Machinery and Intelligence"" in which he proposed a test. The test can 
check the machine's ability to exhibit int

elligent behavior equivalent to 
human intelligence, called a Turing test. 
The birth of Artificial Intelligence (1952-1956) 
o Year 1955: An Allen Newell and Herbert A. Simon created the ""first 
artificial intelligence program""Which was named as ""Logic Theorist"". This 
program had proved 38 of 52 Mathematics theorems, and find new and more 
elegant proofs for some theorems. 
o Year 1956: The word ""Artificial Intelligence"" first adopted by American 
Computer scientist John McCarthy at the Dartmo

History of Artificial Intelligence 
Artificial Intelligence is not a new word and not a new technology for researchers. 
This technology is much older than you would imagine. Even there are the myths 
of Mechanical men in Ancient Greek and Egyptian Myths. Following are some 
milestones in the history of AI which defines the journey from the AI generation to 
till date development. 
Maturation of Artificial Intelligence (1943-1952) 
o Year 1943: The first work which is now recognized as AI was do",1.0,1.0,0.8461538461538461,0.8571428571428571,0.99,6.37,3.26,0.48,llama3.2:latest
What is the name of the rule proposed by Donald Hebb in 1949 to modify the connection strength between neurons?,The rule proposed by Donald Hebb is called Hebbian learning.,The rule proposed by Donald Hebb in 1949 to modify the connection strength between neurons is called Hebbian learning.,"ne by 
Warren McCulloch and Walter pits in 1943. They proposed a model 
of artificial neurons. 
o Year 1949: Donald Hebb demonstrated an updating rule for modifying the 
connection strength between neurons. His rule is now called Hebbian 
learning. 
o Year 1950: The Alan Turing who was an English mathematician and 
pioneered Machine learning in 1950. Alan Turing publishes ""Computing 
Machinery and Intelligence"" in which he proposed a test. The test can 
check the machine's ability to exhibit int

ere programmed that emulate the decision-making ability 
of a human expert. 
o In the Year 1980, the first national conference of the American Association 
of Artificial Intelligence was held at Stanford University. 
The second AI winter (1987-1993) 
o The duration between the years 1987 to 1993 was the second AI Winter 
duration. 
o Again Investors and government stopped in funding for AI research as due 
to high cost but not efficient result. The expert system such as XCON was 
very cost effec

elligent behavior equivalent to 
human intelligence, called a Turing test. 
The birth of Artificial Intelligence (1952-1956) 
o Year 1955: An Allen Newell and Herbert A. Simon created the ""first 
artificial intelligence program""Which was named as ""Logic Theorist"". This 
program had proved 38 of 52 Mathematics theorems, and find new and more 
elegant proofs for some theorems. 
o Year 1956: The word ""Artificial Intelligence"" first adopted by American 
Computer scientist John McCarthy at the Dartmo",0.95,0.6896551724137931,0.5925925925925926,0.6896551724137931,0.79,4.75,0.36,0.22,llama3.2:latest
What test did Alan Turing propose in 1950 to measure a machine's ability to exhibit intelligent behavior?,Alan Turing proposed the Turing test in 1950.,"According to the text, Alan Turing proposed a test in 1950 to measure a machine's ability to exhibit intelligent behavior, known as the Turing test.","ne by 
Warren McCulloch and Walter pits in 1943. They proposed a model 
of artificial neurons. 
o Year 1949: Donald Hebb demonstrated an updating rule for modifying the 
connection strength between neurons. His rule is now called Hebbian 
learning. 
o Year 1950: The Alan Turing who was an English mathematician and 
pioneered Machine learning in 1950. Alan Turing publishes ""Computing 
Machinery and Intelligence"" in which he proposed a test. The test can 
check the machine's ability to exhibit int

elligent behavior equivalent to 
human intelligence, called a Turing test. 
The birth of Artificial Intelligence (1952-1956) 
o Year 1955: An Allen Newell and Herbert A. Simon created the ""first 
artificial intelligence program""Which was named as ""Logic Theorist"". This 
program had proved 38 of 52 Mathematics theorems, and find new and more 
elegant proofs for some theorems. 
o Year 1956: The word ""Artificial Intelligence"" first adopted by American 
Computer scientist John McCarthy at the Dartmo

History of Artificial Intelligence 
Artificial Intelligence is not a new word and not a new technology for researchers. 
This technology is much older than you would imagine. Even there are the myths 
of Mechanical men in Ancient Greek and Egyptian Myths. Following are some 
milestones in the history of AI which defines the journey from the AI generation to 
till date development. 
Maturation of Artificial Intelligence (1943-1952) 
o Year 1943: The first work which is now recognized as AI was do",0.92,0.47058823529411764,0.375,0.3529411764705882,0.88,4.83,0.36,0.14,llama3.2:latest
What was the name of the first artificial intelligence program created by Allen Newell and Herbert A. Simon in 1955?,The first artificial intelligence program was named 'Logic Theorist.',"The first artificial intelligence program created by Allen Newell and Herbert A. Simon in 1955 was named ""Logic Theorist"".","elligent behavior equivalent to 
human intelligence, called a Turing test. 
The birth of Artificial Intelligence (1952-1956) 
o Year 1955: An Allen Newell and Herbert A. Simon created the ""first 
artificial intelligence program""Which was named as ""Logic Theorist"". This 
program had proved 38 of 52 Mathematics theorems, and find new and more 
elegant proofs for some theorems. 
o Year 1956: The word ""Artificial Intelligence"" first adopted by American 
Computer scientist John McCarthy at the Dartmo

uth Conference. For the 
first time, AI coined as an academic field. 
At that time high-level computer languages such as FORTRAN, LISP, or COBOL 
were invented. And the enthusiasm for AI was very high at that time. 
The golden years-Early enthusiasm (1956-1974) 
o Year 1966: The researchers emphasized developing algorithms which can 
solve mathematical problems. Joseph Weizenbaum created the first chatbot 
in 1966, which was named as ELIZA. 
o Year 1972: The first intelligent humanoid robot was 

ne by 
Warren McCulloch and Walter pits in 1943. They proposed a model 
of artificial neurons. 
o Year 1949: Donald Hebb demonstrated an updating rule for modifying the 
connection strength between neurons. His rule is now called Hebbian 
learning. 
o Year 1950: The Alan Turing who was an English mathematician and 
pioneered Machine learning in 1950. Alan Turing publishes ""Computing 
Machinery and Intelligence"" in which he proposed a test. The test can 
check the machine's ability to exhibit int",0.94,0.6428571428571429,0.5384615384615385,0.6428571428571429,0.94,5.09,0.36,0.21,llama3.2:latest
When was the term 'Artificial Intelligence' first coined as an academic field?,The term 'Artificial Intelligence' was first coined at the Dartmouth Conference in 1956 by John McCarthy.,"The term 'Artificial Intelligence' was first coined as an academic field in 1956, when American Computer scientist John McCarthy adopted the word at the Dartmouth Conference.","elligent behavior equivalent to 
human intelligence, called a Turing test. 
The birth of Artificial Intelligence (1952-1956) 
o Year 1955: An Allen Newell and Herbert A. Simon created the ""first 
artificial intelligence program""Which was named as ""Logic Theorist"". This 
program had proved 38 of 52 Mathematics theorems, and find new and more 
elegant proofs for some theorems. 
o Year 1956: The word ""Artificial Intelligence"" first adopted by American 
Computer scientist John McCarthy at the Dartmo

ne by 
Warren McCulloch and Walter pits in 1943. They proposed a model 
of artificial neurons. 
o Year 1949: Donald Hebb demonstrated an updating rule for modifying the 
connection strength between neurons. His rule is now called Hebbian 
learning. 
o Year 1950: The Alan Turing who was an English mathematician and 
pioneered Machine learning in 1950. Alan Turing publishes ""Computing 
Machinery and Intelligence"" in which he proposed a test. The test can 
check the machine's ability to exhibit int

History of Artificial Intelligence 
Artificial Intelligence is not a new word and not a new technology for researchers. 
This technology is much older than you would imagine. Even there are the myths 
of Mechanical men in Ancient Greek and Egyptian Myths. Following are some 
milestones in the history of AI which defines the journey from the AI generation to 
till date development. 
Maturation of Artificial Intelligence (1943-1952) 
o Year 1943: The first work which is now recognized as AI was do",0.95,0.7142857142857143,0.5499999999999999,0.5238095238095238,0.96,4.88,0.36,0.12,llama3.2:latest
What was the name of the first chatbot created by Joseph Weizenbaum in 1966?,The first chatbot created by Joseph Weizenbaum was named ELIZA.,The first chatbot created by Joseph Weizenbaum in 1966 was named ELIZA.,"uth Conference. For the 
first time, AI coined as an academic field. 
At that time high-level computer languages such as FORTRAN, LISP, or COBOL 
were invented. And the enthusiasm for AI was very high at that time. 
The golden years-Early enthusiasm (1956-1974) 
o Year 1966: The researchers emphasized developing algorithms which can 
solve mathematical problems. Joseph Weizenbaum created the first chatbot 
in 1966, which was named as ELIZA. 
o Year 1972: The first intelligent humanoid robot was 

elligent behavior equivalent to 
human intelligence, called a Turing test. 
The birth of Artificial Intelligence (1952-1956) 
o Year 1955: An Allen Newell and Herbert A. Simon created the ""first 
artificial intelligence program""Which was named as ""Logic Theorist"". This 
program had proved 38 of 52 Mathematics theorems, and find new and more 
elegant proofs for some theorems. 
o Year 1956: The word ""Artificial Intelligence"" first adopted by American 
Computer scientist John McCarthy at the Dartmo

ne by 
Warren McCulloch and Walter pits in 1943. They proposed a model 
of artificial neurons. 
o Year 1949: Donald Hebb demonstrated an updating rule for modifying the 
connection strength between neurons. His rule is now called Hebbian 
learning. 
o Year 1950: The Alan Turing who was an English mathematician and 
pioneered Machine learning in 1950. Alan Turing publishes ""Computing 
Machinery and Intelligence"" in which he proposed a test. The test can 
check the machine's ability to exhibit int",0.99,0.9090909090909091,0.7999999999999999,0.9090909090909091,0.97,5.04,0.36,0.18,llama3.2:latest
What was the name of the first intelligent humanoid robot built in Japan in 1972?,The first intelligent humanoid robot built in Japan was named WABOT-1.,"The answer is not explicitly stated in the provided text, but based on the information given, it can be inferred that the year 1972 refers to the development of the first intelligent humanoid robot built in Japan.

However, the specific name of the robot is not mentioned in the text.","uth Conference. For the 
first time, AI coined as an academic field. 
At that time high-level computer languages such as FORTRAN, LISP, or COBOL 
were invented. And the enthusiasm for AI was very high at that time. 
The golden years-Early enthusiasm (1956-1974) 
o Year 1966: The researchers emphasized developing algorithms which can 
solve mathematical problems. Joseph Weizenbaum created the first chatbot 
in 1966, which was named as ELIZA. 
o Year 1972: The first intelligent humanoid robot was 

elligent behavior equivalent to 
human intelligence, called a Turing test. 
The birth of Artificial Intelligence (1952-1956) 
o Year 1955: An Allen Newell and Herbert A. Simon created the ""first 
artificial intelligence program""Which was named as ""Logic Theorist"". This 
program had proved 38 of 52 Mathematics theorems, and find new and more 
elegant proofs for some theorems. 
o Year 1956: The word ""Artificial Intelligence"" first adopted by American 
Computer scientist John McCarthy at the Dartmo

History of Artificial Intelligence 
Artificial Intelligence is not a new word and not a new technology for researchers. 
This technology is much older than you would imagine. Even there are the myths 
of Mechanical men in Ancient Greek and Egyptian Myths. Following are some 
milestones in the history of AI which defines the journey from the AI generation to 
till date development. 
Maturation of Artificial Intelligence (1943-1952) 
o Year 1943: The first work which is now recognized as AI was do",0.88,0.2903225806451613,0.23333333333333328,0.2903225806451613,0.65,5.57,0.36,0.47,llama3.2:latest
What event marked the first AI Winter between 1974 and 1980?,"The first AI Winter was marked by a severe shortage of government funding for AI research, leading to a decline in interest.","The event that marked the first AI Winter between 1974 and 1980 is the creation of WABOT-1, a built-in Japan robot that is named as WABOT-1.","built in Japan which 
was named as WABOT-1. 
The first AI winter (1974-1980) 
o The duration between years 1974 to 1980 was the first AI winter duration. 
AI winter refers to the time period where computer scientist dealt with a 
severe shortage of funding from government for AI researches. 
o During AI winters, an interest of publicity on artificial intelligence was 
decreased. 
A boom of AI (1980-1987) 
o Year 1980: After AI winter duration, AI came back with ""Expert System"". 
Expert systems w

ere programmed that emulate the decision-making ability 
of a human expert. 
o In the Year 1980, the first national conference of the American Association 
of Artificial Intelligence was held at Stanford University. 
The second AI winter (1987-1993) 
o The duration between the years 1987 to 1993 was the second AI Winter 
duration. 
o Again Investors and government stopped in funding for AI research as due 
to high cost but not efficient result. The expert system such as XCON was 
very cost effec

uth Conference. For the 
first time, AI coined as an academic field. 
At that time high-level computer languages such as FORTRAN, LISP, or COBOL 
were invented. And the enthusiasm for AI was very high at that time. 
The golden years-Early enthusiasm (1956-1974) 
o Year 1966: The researchers emphasized developing algorithms which can 
solve mathematical problems. Joseph Weizenbaum created the first chatbot 
in 1966, which was named as ELIZA. 
o Year 1972: The first intelligent humanoid robot was ",0.88,0.3137254901960784,0.12244897959183672,0.27450980392156865,0.46,5.05,0.36,0.15,llama3.2:latest
"Which IBM computer beat the world chess champion, Garry Kasparov, in 1997?",IBM's Deep Blue beat Garry Kasparov in 1997.,"IBM Deep Blue beat Garry Kasparov in 1997, becoming the first computer to defeat a world chess champion.","tive. 
The emergence of intelligent agents (1993-2011) 
o Year 1997: In the year 1997, IBM Deep Blue beats world chess champion, 
Gary Kasparov, and became the first computer to beat a world chess 
champion. 
o Year 2002: for the first time, AI entered the home in the form of Roomba, a 
vacuum cleaner. 
o Year 2006: AI came in the Business world till the year 2006. Companies 
like Facebook, Twitter, and Netflix also started using AI. 
Deep learning, big data and artificial general intelligence (

2011-present) 
o Year 2011: In the year 2011, IBM's Watson won jeopardy, a quiz show, 
where it had to solve the complex questions as well as riddles. Watson had 
proved that it could understand natural language and can solve tricky 
questions quickly. 
o Year 2012: Google has launched an Android app feature ""Google now"", 
which was able to provide information to the user as a prediction. 
o Year 2014: In the year 2014, Chatbot ""Eugene Goostman"" won a 
competition in the infamous ""Turing test."" 

ere programmed that emulate the decision-making ability 
of a human expert. 
o In the Year 1980, the first national conference of the American Association 
of Artificial Intelligence was held at Stanford University. 
The second AI winter (1987-1993) 
o The duration between the years 1987 to 1993 was the second AI Winter 
duration. 
o Again Investors and government stopped in funding for AI research as due 
to high cost but not efficient result. The expert system such as XCON was 
very cost effec",0.91,0.5925925925925926,0.48,0.5925925925925926,0.88,4.75,0.36,0.18,llama3.2:latest
What was the significance of IBMâ€™s Watson winning Jeopardy in 2011?,IBM's Watson winning Jeopardy in 2011 demonstrated that AI could understand natural language and solve complex questions quickly.,"The significance of IBM's Watson winning Jeopardy in 2011 was that it demonstrated the ability to understand natural language and solve complex questions quickly, showcasing a major breakthrough in artificial intelligence (AI). This achievement marked a significant milestone in the development of AI, as it showed that machines could not only process vast amounts of data but also comprehend and respond to human-like queries.

This event was particularly notable because Jeopardy is a highly demanding test of AI capabilities, requiring systems to be able to understand nuances of language, context, and reasoning. Watson's victory on the show demonstrated its ability to excel in these areas, setting a new standard for AI performance.

The impact of Watson's win was felt beyond the realm of entertainment, as it sparked further investment and research into AI, leading to significant advancements in the field over the past decade. Today, AI systems like Watson, Google Assistant, and others have become ubiquitous, transforming industries and revolutionizing the way we live and work.","2011-present) 
o Year 2011: In the year 2011, IBM's Watson won jeopardy, a quiz show, 
where it had to solve the complex questions as well as riddles. Watson had 
proved that it could understand natural language and can solve tricky 
questions quickly. 
o Year 2012: Google has launched an Android app feature ""Google now"", 
which was able to provide information to the user as a prediction. 
o Year 2014: In the year 2014, Chatbot ""Eugene Goostman"" won a 
competition in the infamous ""Turing test."" 


o Year 2018: The ""Project Debater"" from IBM debated on complex topics 
with two master debaters and also performed extremely well. 
o Google has demonstrated an AI program ""Duplex"" which was a virtual 
assistant and which had taken hairdresser appointment on call, and lady on 
other side didn't notice that she was talking with the machine. 
Now AI has developed to a remarkable level. The concept of Deep learning, big 
data, and data science are now trending like a boom. Nowadays companies like 


Google, Facebook, IBM, and Amazon are working with AI and creating amazing 
devices. The future of Artificial Intelligence is inspiring and will come with high 
intelligence. 
 
",0.89,0.20105820105820105,0.13903743315508021,0.1693121693121693,0.86,7.16,0.36,0.15,llama3.2:latest
Who proposed the first model of artificial neurons in 1943?,Warren McCulloch and Walter Pitts proposed the first model of artificial neurons in 1943.,"The first model of artificial neurons was proposed by Warren McCulloch and Walter Pitts in 1943. They introduced a mathematical model of the brain, which laid the foundation for the development of artificial neural networks. Later, Donald Hebb demonstrated an updating rule for modifying the connection strength between neurons in 1949, now known as Hebbian learning. In 1950, Alan Turing proposed a test to check if a machine could exhibit intelligent behavior equivalent to human intelligence, called the Turing test. The birth of Artificial Intelligence (1952-1956) saw significant advancements with the creation of the ""first artificial intelligence program"" by Allen Newell and Herbert A. Simon in 1955, which could prove mathematical theorems and find new proofs for some theorems. The word ""Artificial Intelligence"" was first adopted by American computer scientist John McCarthy at the Dartmouth Conference in 1956.","ne by 
Warren McCulloch and Walter pits in 1943. They proposed a model 
of artificial neurons. 
o Year 1949: Donald Hebb demonstrated an updating rule for modifying the 
connection strength between neurons. His rule is now called Hebbian 
learning. 
o Year 1950: The Alan Turing who was an English mathematician and 
pioneered Machine learning in 1950. Alan Turing publishes ""Computing 
Machinery and Intelligence"" in which he proposed a test. The test can 
check the machine's ability to exhibit int

elligent behavior equivalent to 
human intelligence, called a Turing test. 
The birth of Artificial Intelligence (1952-1956) 
o Year 1955: An Allen Newell and Herbert A. Simon created the ""first 
artificial intelligence program""Which was named as ""Logic Theorist"". This 
program had proved 38 of 52 Mathematics theorems, and find new and more 
elegant proofs for some theorems. 
o Year 1956: The word ""Artificial Intelligence"" first adopted by American 
Computer scientist John McCarthy at the Dartmo

History of Artificial Intelligence 
Artificial Intelligence is not a new word and not a new technology for researchers. 
This technology is much older than you would imagine. Even there are the myths 
of Mechanical men in Ancient Greek and Egyptian Myths. Following are some 
milestones in the history of AI which defines the journey from the AI generation to 
till date development. 
Maturation of Artificial Intelligence (1943-1952) 
o Year 1943: The first work which is now recognized as AI was do",0.89,0.1830065359477124,0.1456953642384106,0.13071895424836602,0.74,11.63,-0.36,-0.28,granite3-moe:3b
What is the name of the rule proposed by Donald Hebb in 1949 to modify the connection strength between neurons?,The rule proposed by Donald Hebb is called Hebbian learning.,"The rule proposed by Donald Hebb in 1949 to modify the connection strength between neurons is called Hebbian learning. This model was later developed by Warren McCulloch and Walter Pits in 1943, who proposed a model of artificial neurons. The first national conference of the American Association for Artificial Intelligence was held at Stanford University in 1980, during which the Turing test was proposed to check if a machine can exhibit intelligence equivalent to human intelligence. The birth of Artificial Intelligence is often considered to have started between 1952 and 1956, with the creation of the ""Logic Theorist"" program by Allen Newell and Herbert A. Simon in 1955 and the adoption of the term ""Artificial Intelligence"" by John McCarthy in 1956.","ne by 
Warren McCulloch and Walter pits in 1943. They proposed a model 
of artificial neurons. 
o Year 1949: Donald Hebb demonstrated an updating rule for modifying the 
connection strength between neurons. His rule is now called Hebbian 
learning. 
o Year 1950: The Alan Turing who was an English mathematician and 
pioneered Machine learning in 1950. Alan Turing publishes ""Computing 
Machinery and Intelligence"" in which he proposed a test. The test can 
check the machine's ability to exhibit int

ere programmed that emulate the decision-making ability 
of a human expert. 
o In the Year 1980, the first national conference of the American Association 
of Artificial Intelligence was held at Stanford University. 
The second AI winter (1987-1993) 
o The duration between the years 1987 to 1993 was the second AI Winter 
duration. 
o Again Investors and government stopped in funding for AI research as due 
to high cost but not efficient result. The expert system such as XCON was 
very cost effec

elligent behavior equivalent to 
human intelligence, called a Turing test. 
The birth of Artificial Intelligence (1952-1956) 
o Year 1955: An Allen Newell and Herbert A. Simon created the ""first 
artificial intelligence program""Which was named as ""Logic Theorist"". This 
program had proved 38 of 52 Mathematics theorems, and find new and more 
elegant proofs for some theorems. 
o Year 1956: The word ""Artificial Intelligence"" first adopted by American 
Computer scientist John McCarthy at the Dartmo",0.89,0.15267175572519084,0.12403100775193798,0.15267175572519084,0.47,9.99,-0.36,-0.27,granite3-moe:3b
What test did Alan Turing propose in 1950 to measure a machine's ability to exhibit intelligent behavior?,Alan Turing proposed the Turing test in 1950.,"Alan Turing proposed a test in 1950 to measure a machine's ability to exhibit intelligent behavior. This test, known as the Turing test, involves a human evaluator interacting with both a human and a machine, without knowing which is which. The machine is considered to have passed the test if the evaluator cannot reliably determine which responses are generated by the machine and which by the human.","ne by 
Warren McCulloch and Walter pits in 1943. They proposed a model 
of artificial neurons. 
o Year 1949: Donald Hebb demonstrated an updating rule for modifying the 
connection strength between neurons. His rule is now called Hebbian 
learning. 
o Year 1950: The Alan Turing who was an English mathematician and 
pioneered Machine learning in 1950. Alan Turing publishes ""Computing 
Machinery and Intelligence"" in which he proposed a test. The test can 
check the machine's ability to exhibit int

elligent behavior equivalent to 
human intelligence, called a Turing test. 
The birth of Artificial Intelligence (1952-1956) 
o Year 1955: An Allen Newell and Herbert A. Simon created the ""first 
artificial intelligence program""Which was named as ""Logic Theorist"". This 
program had proved 38 of 52 Mathematics theorems, and find new and more 
elegant proofs for some theorems. 
o Year 1956: The word ""Artificial Intelligence"" first adopted by American 
Computer scientist John McCarthy at the Dartmo

History of Artificial Intelligence 
Artificial Intelligence is not a new word and not a new technology for researchers. 
This technology is much older than you would imagine. Even there are the myths 
of Mechanical men in Ancient Greek and Egyptian Myths. Following are some 
milestones in the history of AI which defines the journey from the AI generation to 
till date development. 
Maturation of Artificial Intelligence (1943-1952) 
o Year 1943: The first work which is now recognized as AI was do",0.89,0.21052631578947367,0.16216216216216214,0.15789473684210525,0.8,6.75,-0.36,-0.3,granite3-moe:3b
What was the name of the first artificial intelligence program created by Allen Newell and Herbert A. Simon in 1955?,The first artificial intelligence program was named 'Logic Theorist.',"The first artificial intelligence program created by Allen Newell and Herbert A. Simon in 1955 was named ""Logic Theorist.""","elligent behavior equivalent to 
human intelligence, called a Turing test. 
The birth of Artificial Intelligence (1952-1956) 
o Year 1955: An Allen Newell and Herbert A. Simon created the ""first 
artificial intelligence program""Which was named as ""Logic Theorist"". This 
program had proved 38 of 52 Mathematics theorems, and find new and more 
elegant proofs for some theorems. 
o Year 1956: The word ""Artificial Intelligence"" first adopted by American 
Computer scientist John McCarthy at the Dartmo

uth Conference. For the 
first time, AI coined as an academic field. 
At that time high-level computer languages such as FORTRAN, LISP, or COBOL 
were invented. And the enthusiasm for AI was very high at that time. 
The golden years-Early enthusiasm (1956-1974) 
o Year 1966: The researchers emphasized developing algorithms which can 
solve mathematical problems. Joseph Weizenbaum created the first chatbot 
in 1966, which was named as ELIZA. 
o Year 1972: The first intelligent humanoid robot was 

ne by 
Warren McCulloch and Walter pits in 1943. They proposed a model 
of artificial neurons. 
o Year 1949: Donald Hebb demonstrated an updating rule for modifying the 
connection strength between neurons. His rule is now called Hebbian 
learning. 
o Year 1950: The Alan Turing who was an English mathematician and 
pioneered Machine learning in 1950. Alan Turing publishes ""Computing 
Machinery and Intelligence"" in which he proposed a test. The test can 
check the machine's ability to exhibit int",0.95,0.6428571428571429,0.5384615384615385,0.6428571428571429,0.95,5.19,-0.36,-0.31,granite3-moe:3b
When was the term 'Artificial Intelligence' first coined as an academic field?,The term 'Artificial Intelligence' was first coined at the Dartmouth Conference in 1956 by John McCarthy.,"The term 'Artificial Intelligence' was first coined as an academic field in 1956. This was adopted by American computer scientist John McCarthy at the Dartmouth Workshop, which is considered the birth of Artificial Intelligence. Before this, the concept of artificial neurons and Hebbian learning were proposed in 1943 and 1949 respectively. Donald Hebb demonstrated an updating rule for modifying the connection strength between neurons in 1949, which is now known as Hebbian learning. The first AI program was created by Allen Newell and Herbert A. Simon in 1950, which was named ""Logic Theorist"" and proved 38 of 52 Mathematics theorems.","elligent behavior equivalent to 
human intelligence, called a Turing test. 
The birth of Artificial Intelligence (1952-1956) 
o Year 1955: An Allen Newell and Herbert A. Simon created the ""first 
artificial intelligence program""Which was named as ""Logic Theorist"". This 
program had proved 38 of 52 Mathematics theorems, and find new and more 
elegant proofs for some theorems. 
o Year 1956: The word ""Artificial Intelligence"" first adopted by American 
Computer scientist John McCarthy at the Dartmo

ne by 
Warren McCulloch and Walter pits in 1943. They proposed a model 
of artificial neurons. 
o Year 1949: Donald Hebb demonstrated an updating rule for modifying the 
connection strength between neurons. His rule is now called Hebbian 
learning. 
o Year 1950: The Alan Turing who was an English mathematician and 
pioneered Machine learning in 1950. Alan Turing publishes ""Computing 
Machinery and Intelligence"" in which he proposed a test. The test can 
check the machine's ability to exhibit int

History of Artificial Intelligence 
Artificial Intelligence is not a new word and not a new technology for researchers. 
This technology is much older than you would imagine. Even there are the myths 
of Mechanical men in Ancient Greek and Egyptian Myths. Following are some 
milestones in the history of AI which defines the journey from the AI generation to 
till date development. 
Maturation of Artificial Intelligence (1943-1952) 
o Year 1943: The first work which is now recognized as AI was do",0.9,0.25862068965517243,0.1754385964912281,0.20689655172413793,0.87,9.92,-0.36,-0.61,granite3-moe:3b
What was the name of the first chatbot created by Joseph Weizenbaum in 1966?,The first chatbot created by Joseph Weizenbaum was named ELIZA.,The name of the first chatbot created by Joseph Weizenbaum in 1966 was ELIZA.,"uth Conference. For the 
first time, AI coined as an academic field. 
At that time high-level computer languages such as FORTRAN, LISP, or COBOL 
were invented. And the enthusiasm for AI was very high at that time. 
The golden years-Early enthusiasm (1956-1974) 
o Year 1966: The researchers emphasized developing algorithms which can 
solve mathematical problems. Joseph Weizenbaum created the first chatbot 
in 1966, which was named as ELIZA. 
o Year 1972: The first intelligent humanoid robot was 

elligent behavior equivalent to 
human intelligence, called a Turing test. 
The birth of Artificial Intelligence (1952-1956) 
o Year 1955: An Allen Newell and Herbert A. Simon created the ""first 
artificial intelligence program""Which was named as ""Logic Theorist"". This 
program had proved 38 of 52 Mathematics theorems, and find new and more 
elegant proofs for some theorems. 
o Year 1956: The word ""Artificial Intelligence"" first adopted by American 
Computer scientist John McCarthy at the Dartmo

ne by 
Warren McCulloch and Walter pits in 1943. They proposed a model 
of artificial neurons. 
o Year 1949: Donald Hebb demonstrated an updating rule for modifying the 
connection strength between neurons. His rule is now called Hebbian 
learning. 
o Year 1950: The Alan Turing who was an English mathematician and 
pioneered Machine learning in 1950. Alan Turing publishes ""Computing 
Machinery and Intelligence"" in which he proposed a test. The test can 
check the machine's ability to exhibit int",0.97,0.8333333333333333,0.5454545454545455,0.75,0.95,5.04,-0.36,-0.23,granite3-moe:3b
What was the name of the first intelligent humanoid robot built in Japan in 1972?,The first intelligent humanoid robot built in Japan was named WABOT-1.,"The first intelligent humanoid robot built in Japan in 1972 was not explicitly mentioned in the provided context. However, it's important to note that the context discusses the development of AI and robotics, but it doesn't provide specific information about the first humanoid robot in Japan during that time period.","uth Conference. For the 
first time, AI coined as an academic field. 
At that time high-level computer languages such as FORTRAN, LISP, or COBOL 
were invented. And the enthusiasm for AI was very high at that time. 
The golden years-Early enthusiasm (1956-1974) 
o Year 1966: The researchers emphasized developing algorithms which can 
solve mathematical problems. Joseph Weizenbaum created the first chatbot 
in 1966, which was named as ELIZA. 
o Year 1972: The first intelligent humanoid robot was 

elligent behavior equivalent to 
human intelligence, called a Turing test. 
The birth of Artificial Intelligence (1952-1956) 
o Year 1955: An Allen Newell and Herbert A. Simon created the ""first 
artificial intelligence program""Which was named as ""Logic Theorist"". This 
program had proved 38 of 52 Mathematics theorems, and find new and more 
elegant proofs for some theorems. 
o Year 1956: The word ""Artificial Intelligence"" first adopted by American 
Computer scientist John McCarthy at the Dartmo

History of Artificial Intelligence 
Artificial Intelligence is not a new word and not a new technology for researchers. 
This technology is much older than you would imagine. Even there are the myths 
of Mechanical men in Ancient Greek and Egyptian Myths. Following are some 
milestones in the history of AI which defines the journey from the AI generation to 
till date development. 
Maturation of Artificial Intelligence (1943-1952) 
o Year 1943: The first work which is now recognized as AI was do",0.88,0.28124999999999994,0.22580645161290325,0.28124999999999994,0.72,6.13,-0.36,-0.38,granite3-moe:3b
What event marked the first AI Winter between 1974 and 1980?,"The first AI Winter was marked by a severe shortage of government funding for AI research, leading to a decline in interest.","The event that marked the first AI Winter between 1974 and 1980 was the development of the WABOT-1 system in Japan, which occurred during this time frame. This winter was characterized by a severe shortage of funding from government for AI research, a decrease in public interest in AI, and a boom of AI that took place from 1980 to 1987. The second AI Winter occurred between 1987 and 1993, with investors and governments once again stopping funding for AI research due to high costs and unsatisfactory results. However, at this time, AI was coined as an academic field and high-level computer languages such as FORTRAN, LISP, or COBOL were invented. The golden years of AI, with early enthusiasm, took place from 1956 to 1974, during which researchers emphasized developing algorithms that could solve mathematical problems and created the first chatbot in 1966 by Joseph Weizenbaum.","built in Japan which 
was named as WABOT-1. 
The first AI winter (1974-1980) 
o The duration between years 1974 to 1980 was the first AI winter duration. 
AI winter refers to the time period where computer scientist dealt with a 
severe shortage of funding from government for AI researches. 
o During AI winters, an interest of publicity on artificial intelligence was 
decreased. 
A boom of AI (1980-1987) 
o Year 1980: After AI winter duration, AI came back with ""Expert System"". 
Expert systems w

ere programmed that emulate the decision-making ability 
of a human expert. 
o In the Year 1980, the first national conference of the American Association 
of Artificial Intelligence was held at Stanford University. 
The second AI winter (1987-1993) 
o The duration between the years 1987 to 1993 was the second AI Winter 
duration. 
o Again Investors and government stopped in funding for AI research as due 
to high cost but not efficient result. The expert system such as XCON was 
very cost effec

uth Conference. For the 
first time, AI coined as an academic field. 
At that time high-level computer languages such as FORTRAN, LISP, or COBOL 
were invented. And the enthusiasm for AI was very high at that time. 
The golden years-Early enthusiasm (1956-1974) 
o Year 1966: The researchers emphasized developing algorithms which can 
solve mathematical problems. Joseph Weizenbaum created the first chatbot 
in 1966, which was named as ELIZA. 
o Year 1972: The first intelligent humanoid robot was ",0.89,0.23529411764705882,0.13095238095238096,0.2,0.6,12.17,-0.36,-0.29,granite3-moe:3b
"Which IBM computer beat the world chess champion, Garry Kasparov, in 1997?",IBM's Deep Blue beat Garry Kasparov in 1997.,"IBM's Deep Blue computer beat Garry Kasparov, the world chess champion, in 1997 to become the first computer to defeat a human in a game of chess. This significant milestone marked the beginning of IBM's computer-based intelligence development and advancements in AI technology.","tive. 
The emergence of intelligent agents (1993-2011) 
o Year 1997: In the year 1997, IBM Deep Blue beats world chess champion, 
Gary Kasparov, and became the first computer to beat a world chess 
champion. 
o Year 2002: for the first time, AI entered the home in the form of Roomba, a 
vacuum cleaner. 
o Year 2006: AI came in the Business world till the year 2006. Companies 
like Facebook, Twitter, and Netflix also started using AI. 
Deep learning, big data and artificial general intelligence (

2011-present) 
o Year 2011: In the year 2011, IBM's Watson won jeopardy, a quiz show, 
where it had to solve the complex questions as well as riddles. Watson had 
proved that it could understand natural language and can solve tricky 
questions quickly. 
o Year 2012: Google has launched an Android app feature ""Google now"", 
which was able to provide information to the user as a prediction. 
o Year 2014: In the year 2014, Chatbot ""Eugene Goostman"" won a 
competition in the infamous ""Turing test."" 

ere programmed that emulate the decision-making ability 
of a human expert. 
o In the Year 1980, the first national conference of the American Association 
of Artificial Intelligence was held at Stanford University. 
The second AI winter (1987-1993) 
o The duration between the years 1987 to 1993 was the second AI Winter 
duration. 
o Again Investors and government stopped in funding for AI research as due 
to high cost but not efficient result. The expert system such as XCON was 
very cost effec",0.89,0.32727272727272727,0.22641509433962267,0.32727272727272727,0.78,6.33,-0.36,-0.2,granite3-moe:3b
What was the significance of IBMâ€™s Watson winning Jeopardy in 2011?,IBM's Watson winning Jeopardy in 2011 demonstrated that AI could understand natural language and solve complex questions quickly.,"The significance of IBM's Watson winning Jeopardy in 2011 was that it demonstrated the potential of AI to understand natural language, solve complex questions quickly, and even engage in friendly competition. This achievement helped to establish IBM as a leader in AI technology and paved the way for future advancements in the field.

The evolution of AI since 2011 has been marked by significant developments, including the creation of deep learning algorithms, the use of big data and data science, and the emergence of companies like Google, Facebook, IBM, and Amazon as key players in the field. These advancements have led to the creation of sophisticated devices that leverage AI technology, further fueling the potential for high intelligence in future AI systems.","2011-present) 
o Year 2011: In the year 2011, IBM's Watson won jeopardy, a quiz show, 
where it had to solve the complex questions as well as riddles. Watson had 
proved that it could understand natural language and can solve tricky 
questions quickly. 
o Year 2012: Google has launched an Android app feature ""Google now"", 
which was able to provide information to the user as a prediction. 
o Year 2014: In the year 2014, Chatbot ""Eugene Goostman"" won a 
competition in the infamous ""Turing test."" 


o Year 2018: The ""Project Debater"" from IBM debated on complex topics 
with two master debaters and also performed extremely well. 
o Google has demonstrated an AI program ""Duplex"" which was a virtual 
assistant and which had taken hairdresser appointment on call, and lady on 
other side didn't notice that she was talking with the machine. 
Now AI has developed to a remarkable level. The concept of Deep learning, big 
data, and data science are now trending like a boom. Nowadays companies like 


Google, Facebook, IBM, and Amazon are working with AI and creating amazing 
devices. The future of Artificial Intelligence is inspiring and will come with high 
intelligence. 
 
",0.9,0.2535211267605633,0.15714285714285717,0.22535211267605634,0.83,9.09,-0.36,-0.69,granite3-moe:3b
